# ACTS Test Suite Generation: Mon Mar 07 01:55:15 EST 2022
#  '*' represents don't care value 
# Degree of interaction coverage: 2
# Number of parameters: 4
# Maximum number of values per parameter: 4
# Number of configurations: 8
calculDeProbabilite,combinaisonDeProbabilite,creationDuVocabulaire,nettoyageDuTexte
multiplication,sommeDesLogs,1,1
sommeDesLogs,somme,1,0
multiplication,somme,2,1
sommeDesLogs,sommeDesLogs,2,0
multiplication,somme,3,0
sommeDesLogs,sommeDesLogs,3,1
multiplication,somme,4,0
sommeDesLogs,sommeDesLogs,4,1
